/Hotel_Review-g304554-d299123-Reviews-InterContinental_Marine_Drive-Mumbai_Maharashtra.html,InterContinental Marine Drive
/Hotel_Review-g304554-d304617-Reviews-Hotel_Residency_Fort-Mumbai_Maharashtra.html,Hotel Residency Fort
/Hotel_Review-g304554-d482013-Reviews-Hotel_Kohinoor_Continental-Mumbai_Maharashtra.html,Hotel Kohinoor Continental
/Hotel_Review-g304554-d299124-Reviews-The_Lalit_Mumbai-Mumbai_Maharashtra.html,The Lalit Mumbai
/Hotel_Review-g304554-d678272-Reviews-Sahara_Star_Hotel-Mumbai_Maharashtra.html,Sahara Star Hotel
/Hotel_Review-g304554-d2197654-Reviews-Hotel_Kohinoor_Elite-Mumbai_Maharashtra.html,Hotel Kohinoor Elite
/Hotel_Review-g304554-d472105-Reviews-Trident_Nariman_Point-Mumbai_Maharashtra.html,Trident, Nariman Point
/Hotel_Review-g304554-d1135593-Reviews-Hotel_Le_Grande-Mumbai_Maharashtra.html,Hotel Le Grande
/Hotel_Review-g304554-d472105-Reviews-Trident_Nariman_Point-Mumbai_Maharashtra.html,Trident, Nariman Point
/Hotel_Review-g304554-d479536-Reviews-The_Resort-Mumbai_Maharashtra.html,The Resort
/Hotel_Review-g304554-d672189-Reviews-Four_Seasons_Hotel_Mumbai-Mumbai_Maharashtra.html,Four Seasons Hotel Mumbai
/Hotel_Review-g304554-d1135618-Reviews-The_Oriental_Residency-Mumbai_Maharashtra.html,The Oriental Residency
/Hotel_Review-g304554-d2048980-Reviews-Sofitel_Mumbai_BKC-Mumbai_Maharashtra.html,Sofitel Mumbai BKC
/Hotel_Review-g304554-d13005940-Reviews-Taj_Mahal_Tower_Mumbai-Mumbai_Maharashtra.html,Taj Mahal Tower, Mumbai
